OP_CODE AIMS,NAME ANALYSIS ZOE
DEH 1_1,ASH1_1
DEH1_2,ASH1_2
DEH_1_3,ASH1_3
DEH 1_4,ASH1_4
DEH_1_5,ASH1_5
DEH_2_1,ASH2_1
DEH_2_2,ASH2_2
DEH_2_3,ASH2_3
DEH_2_4,ASH2_4
DEH_2_5,ASH2_5
DEH 2_6,ASH2_6
DEH_3_1,ASH3_1
DEH_3_2,ASH3_2
DEH_3_3,ASH3_3
DEH_3_4,ASH3_4
DEH_4_1,ASH4_1
DEH_4_5,ASH4_5
DEH_5_1,ASH5_1
DEH_5_2,ASH5_2
DEH_5_4,ASH5_4
DEH_5_5,ASH5_5
DEH_6_1,ASH6_1
DEH_7_2,ASH7_2
DEH_7_5,ASH7_5
FP_201_ASH002,ASH002
FP_201_ASH003,ASH003
FP_201_ASH006,ASH006
FP_201_ASH012,ASH012
FP_201_ASH014,ASH014
FP_201_ASH017,ASH017
FP_201_ASH025,ASH025
FP_201_ASH028,ASH028
FP_201_ASH033,ASH033
FP_201_ASH035,ASH035
FP_201_ASH036,ASH036
FP_201_ASH040,ASH040
FP_201_ASH047,ASH047
FP_201_ASH051,ASH051
FP_201_ASH052,ASH052
FP_201_ASH055,ASH055
FP_201_ASH056,ASH056
FP_201_ASH059,ASH059
FP_201_ASH064,ASH064
FP_201_ASH068,ASH068
FP_201_ASH088,ASH088
FP_201_ASH105,ASH105
FP_201_ASH108,ASH108
FP_201_ASH112,ASH112
